{"cameraMode":{"drawMode":0,"name":"Shaded","section":"Shading Mode"},"sceneLighting":true,"audioPlay":false,"sceneViewState":{"m_AlwaysRefresh":false,"showFog":true,"showSkybox":true,"showFlares":true,"showImageEffects":true,"showParticleSystems":true,"showVisualEffectGraphs":true,"m_FxEnabled":true},"in2DMode":false,"pivot":{"x":0.0017740912735462189,"y":0.022953979671001436,"z":-0.01896302029490471},"rotation":{"x":-0.060771845281124118,"y":0.906160831451416,"z":-0.13955828547477723,"w":-0.39459922909736636},"size":2.084855079650879,"orthographic":false}